s:text,t:text,r:text
compute,ai,support
algo,ai,support
data,ai,support
data,dataf,part
nqpf,dataf,part
ai,labor,enable
ai,tool,enable
ai,object,enable
tool,nqpf,part
labor,nqpf,part
object,nqpf,part
nqpf,tfp,drive
nqpf,newbiz,drive
nqpf,green,drive
nqpf,jobs,drive
policy,ai,guide
datax,dataf,guide
policy,mfg,guide
policy,med,guide
policy,agri,guide
policy,edu,guide
policy,energy,guide
policy,city,guide
ai,mfg,enable
ai,med,enable
ai,agri,enable
ai,edu,enable
ai,energy,enable
ai,city,enable
mfg,newbiz,drive
med,newbiz,drive
energy,green,drive
agri,green,drive
edu,jobs,drive
city,tfp,drive
mfg,tfp,drive
