id:text,g:text,size:number,label.zh:text,label.en:text,desc.zh:text,desc.en:text
ai,core,26,人工智能,Artificial Intelligence,以数据、算力、算法为核心的新一代通用目的技术,"A general-purpose technology built on data, compute and algorithms"
nqpf,core,26,新质生产力,New Quality Productive Forces,由技术革命性突破与要素创新性配置催生的先进生产力质态,An advanced form of productivity born from breakthroughs and innovative factor allocation
dataf,core,20,数据要素,Data as a factor,可复制、可复用、越用越增值的第五大生产要素,"The fifth production factor: copyable, reusable and value-adding"
compute,tech,17,算力基础设施,Computing infrastructure,智能算力规模快速扩张，成为新质生产力的「基础能源」,Rapidly expanding smart compute acts as the energy of NQPF
algo,tech,17,算法与大模型,Algorithms & LLMs,大模型把知识封装成可以调用的通用能力,Large models package knowledge into callable general capability
data,tech,17,数据资源,Data resources,训练与推理的燃料，也是产业知识的载体,"Fuel for training and inference, and a carrier of industrial know-how"
labor,factor,19,劳动者升级,Labour upgrade,从单一技能走向人机协同的高技能劳动者,From single-skilled workers to human-AI collaboration
tool,factor,19,劳动资料升级,Tool upgrade,生产工具从机械装备升级为「算法 + 算力」,Tools evolve from machinery to algorithms plus compute
object,factor,19,劳动对象升级,Object upgrade,数据、知识与场景成为新的加工对象,"Data, knowledge and scenarios become new objects of labour"
tfp,effect,22,全要素生产率提升,Higher TFP,同样的投入产出更多，是衡量新质生产力的核心指标,More output from the same input — the core metric of NQPF
newbiz,effect,20,新产业新业态,New industries,智能驾驶、具身智能、生成式内容等全新赛道,"New tracks such as autonomous driving, embodied AI and generative content"
green,effect,20,绿色低碳转型,Green transition,用算法优化能源与排放曲线，降低单位产出代价,Algorithms flatten energy and emission curves per unit of output
jobs,effect,18,就业结构重塑,Job restructuring,重复岗位被替代，同时催生大量新职业,Repetitive roles decline while many new occupations emerge
policy,policy,15,「人工智能+」行动,AI+ Initiative,推动 AI 与千行百业深度融合的国家行动,A national initiative to integrate AI into every industry
datax,policy,15,「数据要素×」行动,Data Elements × Initiative,让数据在更多场景中流通、复用与增值,"Letting data flow, be reused and multiply value"
mfg,app,15,智能制造,Smart manufacturing,机器视觉质检、预测性维护、柔性排产,"Vision inspection, predictive maintenance, flexible scheduling"
med,app,15,智慧医疗,Smart healthcare,影像辅助诊断、AI 制药、基层远程诊疗,"Imaging diagnosis, AI drug discovery, remote care"
agri,app,15,智慧农业,Smart agriculture,遥感巡田、无人机植保、智能育种,"Remote sensing, drone spraying, smart breeding"
edu,app,15,智慧教育,Smart education,个性化学习路径与普惠优质资源,Personalized learning paths and inclusive resources
energy,app,15,智慧能源,Smart energy,电网调度、风光功率预测、能耗优化,"Grid dispatch, renewable forecasting, energy optimization"
city,app,15,智慧城市,Smart city,交通治理、公共安全与政务服务的智能升级,"Traffic, public safety and government services"
