id:text,name.zh:text,name.en:text,pen:number,gain:number,size:number,cagr:number,talent:number
finance,金融,Finance,42,32,900,17,78
media,传媒内容,Media,45,38,650,21,70
security,安防,Security,40,33,750,15,62
retail,零售电商,Retail,35,30,800,19,58
automotive,汽车,Automotive,33,31,1100,24,66
public,政务服务,Public service,30,25,450,13,55
logistics,交通物流,Logistics,28,29,520,18,48
manufacturing,制造业,Manufacturing,25,28,1200,20,61
energy,能源电力,Energy,22,24,400,16,52
healthcare,医疗健康,Healthcare,20,26,600,26,72
education,教育,Education,18,22,500,22,64
legal,法律,Legal,15,20,150,12,57
construction,建筑地产,Construction,12,18,300,11,38
agriculture,农业,Agriculture,8,12,200,25,30
mining,矿业,Mining,6,14,180,9,27
