icon:text,name.zh:text,name.en:text,desc.zh:text,desc.en:text,href:text
🧩,内涵：三要素升级,Concept: three factors,劳动者、劳动资料、劳动对象如何被 AI 各改一遍,"How AI rewrites labour, tools and objects of labour",#what
💪,作用力：六维雷达,Forces: six-dimension radar,配合五股看得见的作用力,Plus five tangible forces of change,#power
📈,产业规模：增长曲线,Scale: growth curve,核心产业与带动产业的双曲线,Core and enabled industry curves,#scale
🎯,行业赋能：气泡矩阵,Industries: bubble matrix,15 个行业的渗透率 × 增益 × 规模,15 industries in one matrix,#industry
🗺️,区域格局：算力地图,Regions: compute map,34 个省级单元的算力与企业分布,Compute and firms across 34 provinces,#region
🌍,全球格局：实力排名,Global: ranking,12 个经济体的 AI 发展指数,AI index of 12 economies,#global
🔀,要素重构：流向图,Factors: flow diagram,从 AI 投入到产出，资源怎么走,How inputs turn into outcomes,#flow
🕸️,关系图谱：可拖动,Graph: draggable,21 个节点、36 条关系的全景图,21 nodes and 36 relations,#graph
🎛️,模拟器：你来调参数,Simulator: your turn,四个旋钮，实时算出生产力提升,"Four dials, live productivity readout",#sim
🕰️,时间线：七十年,Timeline: 70 years,从达特茅斯会议到新质生产力,From Dartmouth to NQPF,#timeline
🚀,落地场景：八个现场,Use cases: eight sites,AI 真正进入生产现场的样子,What AI looks like on the ground,#scene
