id:text,name.zh:text,name.en:text,compute:number,firms:number
110000,北京,Beijing,4.8,3900
310000,上海,Shanghai,3.6,2500
440000,广东,Guangdong,4.2,3600
330000,浙江,Zhejiang,2.8,1700
320000,江苏,Jiangsu,2.6,1500
370000,山东,Shandong,1.8,800
510000,四川,Sichuan,1.6,900
420000,湖北,Hubei,1.4,600
340000,安徽,Anhui,1.2,500
350000,福建,Fujian,1,600
120000,天津,Tianjin,0.9,380
610000,陕西,Shaanxi,0.8,400
430000,湖南,Hunan,0.8,400
410000,河南,Henan,0.8,300
500000,重庆,Chongqing,0.7,350
130000,河北,Hebei,0.6,240
210000,辽宁,Liaoning,0.6,300
710000,台湾,Taiwan,0.6,300
360000,江西,Jiangxi,0.5,250
520000,贵州,Guizhou,0.5,150
140000,山西,Shanxi,0.4,100
450000,广西,Guangxi,0.4,140
530000,云南,Yunnan,0.4,130
810000,香港,Hong Kong,0.4,260
220000,吉林,Jilin,0.3,120
230000,黑龙江,Heilongjiang,0.3,110
150000,内蒙古,Inner Mongolia,0.3,80
620000,甘肃,Gansu,0.2,70
650000,新疆,Xinjiang,0.2,60
460000,海南,Hainan,0.15,90
640000,宁夏,Ningxia,0.1,40
630000,青海,Qinghai,0.08,25
540000,西藏,Tibet,0.05,15
820000,澳门,Macao,0.06,40
